dataset_name,classifier_name,accuracy
har:12->16,Raincoat,0.8181818182
ford:FordB->FordA,SASA,0.5810606061
ultrasoundMuscleContraction:subject1->subject8,OTDA,0.581
ford:FordA->FordB,Raincoat,0.8271604938
sleepStage:12->5,SASA,0.4375
har:7->13,CoTMix,0.9191919192
wisdm:27->3,InceptionDANN,0.3620689655
ultrasoundMuscleContraction:subject5->subject4,VRADA,0.5075000000000001
cwrBearing:0->2,Inception,0.8323586745
cwrBearing:0->1,Inception,0.9353174603000001
hhar:e->f,OTDA,0.5771349862
mfd:1->0,OTDA,0.5283018868
ultrasoundMuscleContraction:subject8->subject6,InceptionCDAN,0.649
wisdm:5->1,InceptionRain,0.7916666667000001
mfd:1->2,CoDATS,0.7192008879
sleepStage:0->11,Raincoat,0.6820809249
sportsActivities:p5->p4,CoTMix,0.44298245610000003
cwrBearing:0->3,InceptionSASA,0.7023019899
sleepStage:0->11,VRADA,0.46435452790000004
sportsActivities:p5->p4,OTDA,0.46052631580000003
sleepStage:9->14,InceptionRain,0.7529812606
mfd:1->0,Inception,0.6881243063
ultrasoundMuscleContraction:subject2->subject7,InceptionSASA,0.6262500000000001
sleepStage:14->9,Inception,0.7693452381
ultrasoundMuscleContraction:subject3->subject5,InceptionCDAN,0.359
ultrasoundMuscleContraction:subject8->subject6,InceptionRain,0.645
hhar:c->d,Raincoat,0.7520325203
cwrBearing:2->0,InceptionRain,0.9477890250000001
wisdm:5->1,InceptionSASA,0.375
hhar:c->d,InceptionSASA,0.5745257453
hhar:e->f,InceptionDANN,0.8567493113
ford:FordA->FordB,SASA,0.462962963
cwrBearing:3->0,SASA,0.5764517848
hhar:c->d,Inception,0.5934959350000001
har:2->11,InceptionRain,0.9157894737000001
har:6->23,SASA,0.7142857143
cwrBearing:2->0,CoTMix,0.8438998402000001
miniTimeMatch:FR1->DK1,Inception,0.6638946639000001
sportsActivities:p6->p5,Inception,0.6842105263
hhar:a->b,InceptionCDAN,0.6835138387
mfd:1->0,InceptionDANN,0.4550499445
sportsActivities:p4->p2,InceptionRain,0.6359649123000001
sleepStage:16->1,CoDATS,0.7772925764
cwrBearing:2->0,InceptionDANN,0.9381992541
cwrBearing:0->1,VRADA,0.46626984130000004
sleepStage:9->14,InceptionCDAN,0.6780238501
OnHWeq:OnHW_equations_L->OnHW_equations_R,OTDA,0.4569915076
mfd:1->2,Inception,0.794672586
cwrBearing:0->3,Raincoat,0.8704642996
wisdm:21->31,InceptionMix,0.8169014085
sportsActivities:p4->p2,Inception,0.6754385965
sportsActivities:p4->p2,VRADA,0.3245614035
miniTimeMatch:FR1->FR2,InceptionMix,0.1401593902
wisdm:21->31,Raincoat,0.8591549296000001
ultrasoundMuscleContraction:subject8->subject6,OTDA,0.645
har:9->18,InceptionCDAN,0.8909090909
hhar:c->d,CoTMix,0.7479674797
sleepStage:7->18,InceptionDANN,0.7985865724000001
sportsActivities:p1->p8,InceptionCDAN,0.5921052632
hhar:e->f,SASA,0.5413223140000001
sportsActivities:p7->p3,InceptionDANN,0.8859649123000001
sportsActivities:p5->p4,InceptionRain,0.7280701754000001
sleepStage:16->1,VRADA,0.5836972344
wisdm:5->3,Inception,0.6034482759
sportsActivities:p1->p8,InceptionSASA,0.3596491228
har:12->16,InceptionDANN,0.6727272727
mfd:1->2,InceptionMix,0.7380688124
ultrasoundMuscleContraction:subject5->subject4,OTDA,0.6042500000000001
hhar:e->f,InceptionSASA,0.5826446281000001
sleepStage:12->5,VRADA,0.5607638889000001
sportsActivities:p7->p3,InceptionMix,0.0526315789
har:9->18,CoTMix,0.8181818182
har:6->23,InceptionRain,0.9017857143
wisdm:3->5,CoDATS,0.4130434783
miniTimeMatch:FR2->DK1,CoTMix,0.3643451143
har:6->23,Inception,0.8303571429000001
sleepStage:9->14,InceptionMix,0.7666098807
har:9->18,InceptionRain,0.9
wisdm:7->30,OTDA,0.48780487800000005
har:9->18,Inception,0.6090909091000001
hhar:a->b,OTDA,0.42238267150000003
miniTimeMatch:AT1->FR2,VRADA,0.7002772003000001
sleepStage:0->11,InceptionSASA,0.34489402700000005
har:2->11,CoTMix,0.9578947368
sleepStage:0->11,SASA,0.4855491329
miniTimeMatch:FR1->FR2,OTDA,0.6448371448
hhar:d->c,Inception,0.5885350318
ultrasoundMuscleContraction:subject8->subject6,Inception,0.361
ptbXLecg:2->1,OTDA,0.5857605178
mfd:0->1,InceptionDANN,0.9556048835000001
mfd:1->3,Inception,0.9988901221
wisdm:3->5,InceptionRain,0.6304347826000001
ultrasoundMuscleContraction:subject1->subject8,CoDATS,0.64675
sportsActivities:p5->p4,Inception,0.8377192982
wisdm:31->21,Inception,0.8275862069000001
ultrasoundMuscleContraction:subject8->subject6,SASA,0.645
hhar:a->b,InceptionMix,0.6943441637000001
ptbXLecg:2->1,InceptionMix,0.6645091694
cwrBearing:3->0,Raincoat,0.8790623335000001
hhar:c->d,OTDA,0.4417344173
cwrBearing:3->0,CoDATS,0.9104954715
ultrasoundMuscleContraction:subject8->subject6,InceptionSASA,0.6455000000000001
miniTimeMatch:FR1->AT1,InceptionSASA,0.7040887041
OnHWeq:OnHW_equations_R->OnHW_equations_L,InceptionDANN,0.5260084926
ultrasoundMuscleContraction:subject1->subject8,InceptionMix,0.516875
ultrasoundMuscleContraction:subject3->subject5,Inception,0.593
mfd:1->3,OTDA,0.4750277469
ptbXLecg:1->3,InceptionMix,0.6233766234
ultrasoundMuscleContraction:subject1->subject8,InceptionSASA,0.590375
mfd:0->1,CoDATS,0.5837957825
cwrBearing:0->3,InceptionCDAN,0.8470542333000001
ptbXLecg:0->1,OTDA,0.5814455232
hhar:e->f,InceptionRain,0.8856749311000001
har:12->16,OTDA,0.6090909091000001
mfd:1->0,SASA,0.4705882353
mfd:1->2,SASA,0.5249722531000001
sleepStage:9->14,SASA,0.4088586031
ultrasoundMuscleContraction:subject2->subject7,Raincoat,0.6492500000000001
ultrasoundMuscleContraction:subject5->subject4,Raincoat,0.5925
sleepStage:16->1,InceptionMix,0.7350800582
ford:FordA->FordB,InceptionCDAN,0.7592592593
miniTimeMatch:AT1->FR2,SASA,0.4391891892
har:2->11,InceptionDANN,0.9157894737000001
har:6->23,OTDA,0.6071428571
ford:FordB->FordA,OTDA,0.4954545455
cwrBearing:1->0,Inception,0.9302077784
sportsActivities:p1->p8,InceptionDANN,0.6842105263
hhar:b->a,Inception,0.4852546917
mfd:0->3,InceptionSASA,0.5072142064
cwrBearing:2->0,InceptionSASA,0.6361214704
wisdm:3->5,VRADA,0.4130434783
har:12->16,CoTMix,0.8454545455
ptbXLecg:1->3,SASA,0.4025974026
miniTimeMatch:FR2->DK1,Raincoat,0.7872487872
har:12->16,InceptionMix,0.6818181818
mfd:1->3,VRADA,0.4705882353
mfd:0->3,InceptionMix,0.7347391787
sleepStage:12->5,Inception,0.7951388889000001
OnHWeq:OnHW_equations_R->OnHW_equations_L,Raincoat,0.5456475584
sportsActivities:p5->p6,CoTMix,0.2850877193
miniTimeMatch:AT1->FR1,Inception,0.7948717949
mfd:0->3,InceptionDANN,0.807991121
har:16->12,Inception,0.7187500000000001
sleepStage:9->14,CoTMix,0.7444633731
wisdm:21->31,OTDA,0.3802816901
ptbXLecg:2->1,InceptionSASA,0.5771305286
har:11->2,Inception,0.7802197802
ptbXLecg:0->3,CoTMix,0.5714285714
sportsActivities:p4->p2,Raincoat,0.8596491228
ford:FordB->FordA,CoTMix,0.9166666667000001
mfd:1->3,CoTMix,0.9223085461
miniTimeMatch:FR1->FR2,Raincoat,0.9123354123
sportsActivities:p1->p8,CoDATS,0.7236842105
miniTimeMatch:FR2->DK1,InceptionRain,0.8534303534000001
ultrasoundMuscleContraction:subject1->subject8,InceptionCDAN,0.581
hhar:a->b,VRADA,0.6823104693
sportsActivities:p4->p2,CoTMix,0.3070175439
wisdm:3->5,SASA,0.3913043478
ultrasoundMuscleContraction:subject5->subject4,Inception,0.54
har:2->11,InceptionCDAN,0.5578947368
sportsActivities:p4->p2,InceptionSASA,0.5526315789
hhar:a->b,Raincoat,0.6738868833
ford:FordB->FordA,InceptionSASA,0.5909090909
hhar:i->a,Inception,0.5536193029
mfd:3->1,Inception,0.9977802442
ptbXLecg:0->1,CoDATS,0.6601941748
miniTimeMatch:DK1->FR1,SASA,0.4391891892
wisdm:21->31,InceptionSASA,0.3943661972
ptbXLecg:1->3,CoDATS,0.6103896104000001
sportsActivities:p4->p2,SASA,0.47368421050000004
ptbXLecg:0->3,SASA,0.49350649350000003
sleepStage:0->11,InceptionDANN,0.7263969171
cwrBearing:3->0,InceptionDANN,0.8785295685000001
mfd:1->2,InceptionDANN,0.8357380688
ultrasoundMuscleContraction:subject2->subject7,InceptionCDAN,0.7902500000000001
sportsActivities:p7->p3,Inception,0.5964912281
ultrasoundMuscleContraction:subject1->subject8,Inception,0.419
wisdm:27->3,Raincoat,0.724137931
ford:FordB->FordA,Inception,0.8962121212
har:6->23,InceptionCDAN,0.9375
sportsActivities:p5->p6,InceptionMix,0.0526315789
ptbXLecg:1->3,OTDA,0.3636363636
sleepStage:12->5,CoDATS,0.8333333333
sportsActivities:p7->p3,InceptionSASA,0.3684210526
cwrBearing:1->3,InceptionRain,0.911041748
ford:FordB->FordA,Raincoat,0.9113636364000001
sportsActivities:p5->p4,SASA,0.4473684211
ultrasoundMuscleContraction:subject1->subject8,SASA,0.5888749999999999
ptbXLecg:2->1,InceptionCDAN,0.6720604099
hhar:e->f,InceptionMix,0.8774104683
miniTimeMatch:FR1->AT1,Raincoat,0.9426541927000001
sleepStage:9->14,InceptionDANN,0.8466780239
miniTimeMatch:FR1->AT1,InceptionMix,0.1401593902
sportsActivities:p7->p3,CoDATS,0.9210526316000001
sportsActivities:p5->p6,InceptionDANN,0.6973684211000001
miniTimeMatch:DK1->FR2,Inception,0.8738738739
wisdm:30->7,Inception,0.11764705880000001
ptbXLecg:2->1,CoTMix,0.6375404531000001
ptbXLecg:0->3,InceptionCDAN,0.6883116883
ptbXLecg:0->2,CoDATS,0.6321989529
sleepStage:12->5,InceptionMix,0.7430555556
sportsActivities:p2->p4,Inception,0.8157894737
sportsActivities:p7->p3,OTDA,0.2894736842
ultrasoundMuscleContraction:subject8->subject6,InceptionDANN,0.645
OnHWeq:OnHW_equations_L->OnHW_equations_R,InceptionSASA,0.37568317500000004
sportsActivities:p5->p6,InceptionRain,0.6096491228
mfd:1->0,CoDATS,0.6337402886
cwrBearing:3->1,Inception,0.9880952381
har:2->11,InceptionSASA,0.8631578947
ultrasoundMuscleContraction:subject1->subject8,InceptionDANN,0.581
OnHWeq:OnHW_equations_R->OnHW_equations_L,InceptionMix,0.4580679406
sleepStage:7->18,SASA,0.4681978799
cwrBearing:2->0,Inception,0.9115610016000001
sportsActivities:p4->p2,OTDA,0.5263157895
OnHWeq:OnHW_equations_L->OnHW_equations_R,Raincoat,0.5800891281
wisdm:27->3,VRADA,0.3620689655
hhar:e->f,VRADA,0.8085399449
hhar:g->h,Raincoat,0.9205955335
har:7->13,Raincoat,0.8787878788
ptbXLecg:0->2,InceptionMix,0.6583769634000001
cwrBearing:3->0,CoTMix,0.7906233351
cwrBearing:1->3,SASA,0.700351151
sleepStage:9->14,Raincoat,0.7921635434000001
cwrBearing:0->3,InceptionMix,0.8451033945
wisdm:21->31,SASA,0.3802816901
ptbXLecg:3->1,Inception,0.6515641855000001
ultrasoundMuscleContraction:subject2->subject7,InceptionMix,0.75275
mfd:1->3,SASA,0.5615982242
ptbXLecg:0->2,CoTMix,0.6413612565
cwrBearing:1->3,Inception,0.9625438939000001
sleepStage:0->11,CoDATS,0.6936416185000001
ultrasoundMuscleContraction:subject3->subject5,InceptionSASA,0.756
ptbXLecg:0->1,Inception,0.6957928803
wisdm:7->30,InceptionMix,0.6585365854
mfd:0->1,OTDA,0.4716981132
cwrBearing:0->1,OTDA,0.7904761905000001
ford:FordA->FordB,InceptionSASA,0.537037037
ford:FordA->FordB,CoDATS,0.7777777778
ultrasoundMuscleContraction:subject8->subject6,CoTMix,0.6805
har:6->23,CoDATS,0.875
miniTimeMatch:FR2->DK1,SASA,0.4391891892
wisdm:5->1,InceptionMix,0.375
hhar:c->d,InceptionRain,0.7195121951
ptbXLecg:1->3,CoTMix,0.6233766234
wisdm:27->3,InceptionMix,0.3103448276
hhar:c->d,SASA,0.5203252033
sportsActivities:p5->p6,Raincoat,0.9122807018
miniTimeMatch:AT1->FR2,Inception,0.8293485793
hhar:g->h,CoTMix,0.6439205955
ptbXLecg:0->1,InceptionSASA,0.5954692557
ptbXLecg:1->3,InceptionRain,0.6103896104000001
sleepStage:12->5,InceptionRain,0.8350694444000001
mfd:1->3,InceptionMix,0.9966703663
miniTimeMatch:AT1->FR2,CoDATS,0.8965696466
ptbXLecg:0->2,Inception,0.6727748691000001
ultrasoundMuscleContraction:subject4->subject5,Inception,0.634
har:7->13,InceptionSASA,0.8484848485
sleepStage:12->5,CoTMix,0.7986111111
miniTimeMatch:DK1->FR1,VRADA,0.4684684685
cwrBearing:2->0,CoDATS,0.9072988812
har:9->18,InceptionSASA,0.6454545455
ultrasoundMuscleContraction:subject5->subject4,InceptionSASA,0.5162500000000001
miniTimeMatch:FR1->FR2,CoTMix,0.46760221760000004
cwrBearing:3->0,InceptionRain,0.9286094832
miniTimeMatch:FR1->AT1,InceptionCDAN,0.9488911989000001
ptbXLecg:0->3,InceptionDANN,0.7012987013
ptbXLecg:0->3,CoDATS,0.6363636364
ptbXLecg:0->3,InceptionMix,0.6883116883
miniTimeMatch:FR1->AT1,InceptionDANN,0.9563409563
hhar:f->e,Inception,0.7527950311
sportsActivities:p5->p4,InceptionSASA,0.3421052632
wisdm:5->1,OTDA,0.5833333333
sleepStage:16->1,Inception,0.6972343523
OnHWeq:OnHW_equations_R->OnHW_equations_L,InceptionSASA,0.4474522293
miniTimeMatch:FR2->DK1,CoDATS,0.729036729
hhar:g->h,InceptionSASA,0.5210918114
har:13->7,Inception,0.8709677419
miniTimeMatch:FR1->FR2,SASA,0.44767844770000004
ptbXLecg:1->3,Raincoat,0.5844155844000001
ultrasoundMuscleContraction:subject8->subject6,InceptionMix,0.35150000000000003
ultrasoundMuscleContraction:subject3->subject5,SASA,0.6695
miniTimeMatch:FR1->FR2,InceptionSASA,0.8012820513000001
OnHWeq:OnHW_equations_L->OnHW_equations_R,VRADA,0.3618094678
miniTimeMatch:FR1->FR2,InceptionRain,0.952009702
wisdm:21->31,VRADA,0.3802816901
sleepStage:9->14,OTDA,0.3901192504
cwrBearing:0->3,Inception,0.7990635973
cwrBearing:0->1,InceptionSASA,0.7150793651
ultrasoundMuscleContraction:subject2->subject7,InceptionRain,0.6242500000000001
sportsActivities:p1->p8,SASA,0.4385964912
ultrasoundMuscleContraction:subject2->subject7,CoTMix,0.8117500000000001
miniTimeMatch:DK1->FR1,InceptionRain,0.6793139293
ptbXLecg:0->3,VRADA,0.5584415584
ford:FordA->FordB,InceptionMix,0.7716049383
miniTimeMatch:DK1->FR1,OTDA,0.3645183645
hhar:e->f,Raincoat,0.9132231405000001
ptbXLecg:0->2,InceptionDANN,0.6439790576000001
sleepStage:18->7,Inception,0.7866666667000001
wisdm:7->30,Raincoat,0.5365853659
sleepStage:12->5,Raincoat,0.8020833333
ptbXLecg:1->3,InceptionSASA,0.6233766234
miniTimeMatch:AT1->FR2,InceptionSASA,0.6179833680000001
cwrBearing:0->3,CoTMix,0.8006242684
OnHWeq:OnHW_equations_L->OnHW_equations_R,CoDATS,0.6667787774
cwrBearing:0->3,OTDA,0.744830277
sleepStage:7->18,CoDATS,0.7685512367
miniTimeMatch:FR1->FR2,Inception,0.8596673597000001
miniTimeMatch:AT1->FR2,Raincoat,0.8927581428
ultrasoundMuscleContraction:subject6->subject8,Inception,0.624
mfd:1->3,InceptionSASA,0.5504994451
hhar:g->h,CoDATS,0.9429280397
ford:FordB->FordA,VRADA,0.5159090909
sportsActivities:p4->p2,InceptionMix,0.7763157895
ultrasoundMuscleContraction:subject8->subject1,Inception,0.7006521739
har:9->18,CoDATS,0.8636363636000001
har:7->13,InceptionMix,0.9494949495
har:18->9,Inception,0.632183908
miniTimeMatch:FR2->DK1,InceptionMix,0.1401593902
cwrBearing:3->0,InceptionCDAN,0.8684070325000001
wisdm:5->1,SASA,0.4166666667
hhar:i->a,SASA,0.4008042895
wisdm:3->5,InceptionCDAN,0.4130434783
ultrasoundMuscleContraction:subject5->subject4,InceptionMix,0.5012500000000001
hhar:c->d,CoDATS,0.810298103
hhar:a->b,CoTMix,0.7557160048
sleepStage:16->1,Raincoat,0.768558952
har:2->11,Inception,0.8526315789000001
har:9->18,InceptionMix,0.9545454545000001
ptbXLecg:2->0,Inception,0.7256637168000001
miniTimeMatch:FR1->AT1,OTDA,0.46621621620000003
sleepStage:12->5,InceptionDANN,0.7777777778
wisdm:5->1,Inception,0.4166666667
miniTimeMatch:DK1->FR1,CoDATS,0.6683991684
cwrBearing:0->1,CoTMix,0.9087301587000001
sportsActivities:p5->p4,InceptionCDAN,0.8245614035000001
ptbXLecg:0->1,CoTMix,0.5846817691
ultrasoundMuscleContraction:subject8->subject6,CoDATS,0.645
ultrasoundMuscleContraction:subject5->subject4,InceptionDANN,0.5805
sleepStage:7->18,InceptionSASA,0.5530035336
hhar:i->a,CoTMix,0.600536193
miniTimeMatch:AT1->FR2,OTDA,0.6015246015
sleepStage:16->1,InceptionDANN,0.7423580786
hhar:e->f,CoTMix,0.8939393939
sportsActivities:p4->p2,InceptionCDAN,0.7456140351
ultrasoundMuscleContraction:subject8->subject6,Raincoat,0.648
mfd:1->2,CoTMix,0.6947835738
mfd:1->0,Raincoat,0.6570477248000001
ultrasoundMuscleContraction:subject5->subject4,InceptionCDAN,0.5975
wisdm:3->5,CoTMix,0.6304347826000001
mfd:1->0,InceptionMix,0.6448390677
hhar:c->d,InceptionMix,0.5650406504000001
sportsActivities:p5->p6,SASA,0.3596491228
hhar:a->b,SASA,0.3357400722
sleepStage:9->14,InceptionSASA,0.42078364570000004
ultrasoundMuscleContraction:subject2->subject7,OTDA,0.5777500000000001
OnHWeq:OnHW_equations_R->OnHW_equations_L,CoTMix,0.33439490450000003
hhar:a->b,InceptionDANN,0.6859205776
wisdm:5->1,InceptionCDAN,0.7916666667000001
har:7->13,VRADA,0.7272727273
mfd:1->2,OTDA,0.4694783574
OnHWeq:OnHW_equations_R->OnHW_equations_L,SASA,0.2967091295
ptbXLecg:0->3,InceptionRain,0.5974025974
wisdm:21->31,CoTMix,0.7746478873
cwrBearing:3->0,InceptionMix,0.8790623335000001
ford:FordA->FordB,CoTMix,0.8209876543
mfd:0->1,Inception,0.5815760266000001
ptbXLecg:2->1,VRADA,0.6720604099
sportsActivities:p1->p8,VRADA,0.25
hhar:g->h,OTDA,0.44789081890000004
ultrasoundMuscleContraction:subject3->subject5,CoDATS,0.644
ptbXLecg:0->3,Inception,0.6363636364
sleepStage:7->18,Inception,0.7597173145
sportsActivities:p5->p6,InceptionCDAN,0.5570175439
hhar:c->d,InceptionDANN,0.7317073171
ultrasoundMuscleContraction:subject2->subject7,VRADA,0.5395
mfd:2->1,Inception,0.9334073252
ford:FordB->FordA,InceptionMix,0.9083333333
hhar:i->a,VRADA,0.5898123324
har:12->16,VRADA,0.6090909091000001
ultrasoundMuscleContraction:subject2->subject7,InceptionDANN,0.84325
sleepStage:1->16,Inception,0.6015503876
har:7->13,OTDA,0.8080808081
ptbXLecg:0->1,InceptionCDAN,0.6979503776
mfd:0->3,InceptionCDAN,0.5438401776
mfd:1->0,InceptionSASA,0.4861265261
OnHWeq:OnHW_equations_R->OnHW_equations_L,VRADA,0.4378980892
miniTimeMatch:FR1->AT1,CoDATS,0.8321205821000001
ptbXLecg:0->1,InceptionRain,0.6601941748
cwrBearing:0->3,CoDATS,0.8540772532
sportsActivities:p1->p8,Raincoat,0.8947368421
ptbXLecg:0->2,VRADA,0.5602094241000001
mfd:1->0,InceptionRain,0.8890122087000001
har:6->23,CoTMix,0.9285714286000001
mfd:0->1,SASA,0.4705882353
hhar:g->h,InceptionRain,0.9081885856
har:6->23,Raincoat,0.9107142857
ultrasoundMuscleContraction:subject2->subject7,SASA,0.5650000000000001
miniTimeMatch:FR2->AT1,Inception,0.6640679141
hhar:a->b,CoDATS,0.7003610108
cwrBearing:3->0,InceptionSASA,0.6526371870000001
mfd:0->3,VRADA,0.4550499445
sportsActivities:p5->p6,CoDATS,0.7894736842000001
cwrBearing:0->1,InceptionDANN,0.9424603175
miniTimeMatch:FR1->FR2,CoDATS,0.9064449064000001
wisdm:21->31,InceptionRain,0.9718309859
wisdm:5->1,VRADA,0.4166666667
ford:FordA->FordB,InceptionDANN,0.8086419753
ultrasoundMuscleContraction:subject2->subject7,Inception,0.8267500000000001
mfd:0->1,InceptionRain,0.7291897891
wisdm:3->5,InceptionDANN,0.4130434783
miniTimeMatch:FR1->AT1,Inception,0.8996881497
sleepStage:11->0,Inception,0.7901861252
cwrBearing:0->1,InceptionCDAN,0.9222222222
sportsActivities:p5->p4,InceptionDANN,0.7894736842000001
wisdm:5->1,CoDATS,0.7708333333
hhar:e->f,InceptionCDAN,0.8829201102
sportsActivities:p5->p4,Raincoat,0.8640350877
hhar:g->h,InceptionDANN,0.6265508685
sportsActivities:p1->p8,InceptionMix,0.4342105263
sleepStage:9->14,CoDATS,0.8262350937
har:12->16,CoDATS,0.8727272727000001
har:7->13,InceptionRain,0.9494949495
ultrasoundMuscleContraction:subject5->subject4,CoDATS,0.5717500000000001
sportsActivities:p5->p4,VRADA,0.7763157895
wisdm:27->3,Inception,0.7413793103
wisdm:7->30,Inception,0.5609756098
mfd:0->3,InceptionRain,0.7436182020000001
OnHWeq:OnHW_equations_R->OnHW_equations_L,InceptionRain,0.6125265393
ptbXLecg:0->3,InceptionSASA,0.5584415584
ptbXLecg:3->0,Inception,0.6769911504
sportsActivities:p7->p3,InceptionCDAN,0.7412280702
har:12->16,InceptionSASA,0.6181818182000001
miniTimeMatch:FR1->FR2,VRADA,0.7896742897
OnHWeq:OnHW_equations_L->OnHW_equations_R,InceptionCDAN,0.6602202977
wisdm:3->5,InceptionSASA,0.4782608696
cwrBearing:0->3,SASA,0.6449473274
mfd:1->2,InceptionCDAN,0.8956714761000001
mfd:0->1,VRADA,0.4472807991
sportsActivities:p3->p7,Inception,0.7105263158
cwrBearing:0->3,VRADA,0.4299648849
miniTimeMatch:DK1->FR1,InceptionSASA,0.5254677755
mfd:1->0,VRADA,0.4395116537
cwrBearing:0->3,Inception,0.7990635973
ptbXLecg:1->2,Inception,0.6387434555
wisdm:5->1,Raincoat,0.7916666667000001
wisdm:27->3,InceptionSASA,0.3620689655
cwrBearing:2->0,OTDA,0.6952583910000001
hhar:g->h,Inception,0.6662531017000001
har:7->13,CoDATS,0.8787878788
mfd:1->0,CoTMix,0.6703662597000001
hhar:i->a,Raincoat,0.7050938338
ultrasoundMuscleContraction:subject8->subject6,VRADA,0.645
mfd:1->2,VRADA,0.4539400666
cwrBearing:0->1,CoDATS,0.9353174603000001
mfd:1->3,InceptionCDAN,0.9966703663
har:2->11,VRADA,0.6210526316
wisdm:7->30,CoTMix,0.6097560976
miniTimeMatch:DK1->FR1,Raincoat,0.7179487179
miniTimeMatch:FR2->DK1,InceptionCDAN,0.8461538462
OnHWeq:OnHW_equations_L->OnHW_equations_R,SASA,0.332632641
sleepStage:16->1,CoTMix,0.7991266376
hhar:i->a,InceptionCDAN,0.6179624665
hhar:i->a,OTDA,0.3873994638
sleepStage:0->11,InceptionRain,0.7591522158
miniTimeMatch:AT1->FR2,InceptionRain,0.9327789328
ptbXLecg:0->3,Raincoat,0.49350649350000003
miniTimeMatch:FR1->AT1,CoTMix,0.2146569647
wisdm:21->31,Inception,0.7746478873
har:7->13,Inception,0.9191919192
cwrBearing:1->3,VRADA,0.5009754194
ptbXLecg:2->1,Inception,0.6526429342
miniTimeMatch:FR1->FR2,InceptionCDAN,0.9481981982000001
sleepStage:7->18,InceptionMix,0.7455830389
ultrasoundMuscleContraction:subject3->subject5,InceptionRain,0.619
sportsActivities:p5->p6,VRADA,0.2675438596
ultrasoundMuscleContraction:subject3->subject5,VRADA,0.641
hhar:e->f,CoDATS,0.9159779614
wisdm:3->27,Inception,0.6842105263
sleepStage:7->18,VRADA,0.5636042403
wisdm:21->31,InceptionCDAN,0.8591549296000001
cwrBearing:2->0,InceptionCDAN,0.8977091103
cwrBearing:1->3,InceptionCDAN,0.9364026531
sleepStage:16->1,SASA,0.5342066958
sportsActivities:p5->p6,OTDA,0.5350877193
OnHWeq:OnHW_equations_R->OnHW_equations_L,Inception,0.5127388535
mfd:1->0,InceptionCDAN,0.8801331853000001
mfd:0->1,Inception,0.5305216426
har:9->18,OTDA,0.5818181818
ford:FordB->FordA,InceptionDANN,0.8613636364
sleepStage:16->1,InceptionRain,0.7962154294
ultrasoundMuscleContraction:subject1->subject8,InceptionRain,0.5855
wisdm:27->3,InceptionCDAN,0.9310344828
mfd:1->3,InceptionRain,0.9988901221
ptbXLecg:0->3,OTDA,0.3636363636
ford:FordA->FordB,InceptionRain,0.8086419753
wisdm:3->5,OTDA,0.4130434783
hhar:g->h,VRADA,0.5421836228
ptbXLecg:0->1,SASA,0.5836030205
mfd:1->2,InceptionRain,0.8645948946
sleepStage:0->11,OTDA,0.5183044316000001
har:9->18,Raincoat,0.8454545455
ultrasoundMuscleContraction:subject5->subject3,Inception,0.5194701987
miniTimeMatch:DK1->FR1,Inception,0.7766805267
sleepStage:7->18,OTDA,0.3392226148
wisdm:5->1,CoTMix,0.8333333333
har:12->16,SASA,0.5909090909
ultrasoundMuscleContraction:subject7->subject2,Inception,0.7875000000000001
sleepStage:9->14,Inception,0.8364565588
mfd:1->3,InceptionDANN,0.9966703663
hhar:i->a,InceptionMix,0.6863270777
ptbXLecg:1->3,Inception,0.6753246753000001
sleepStage:0->11,InceptionMix,0.5587668593
hhar:e->f,Inception,0.7975206612
ultrasoundMuscleContraction:subject1->subject8,CoTMix,0.722375
mfd:0->3,SASA,0.5105438402
har:12->16,Inception,0.7454545455
ultrasoundMuscleContraction:subject5->subject4,SASA,0.49250000000000005
ptbXLecg:1->0,Inception,0.7205014749
OnHWeq:OnHW_equations_R->OnHW_equations_L,CoDATS,0.5843949045
sportsActivities:p1->p8,CoTMix,0.3245614035
cwrBearing:1->3,InceptionDANN,0.9543503707000001
sportsActivities:p4->p2,InceptionDANN,0.7543859649
wisdm:3->5,Raincoat,0.652173913
cwrBearing:2->0,InceptionMix,0.9067661161
ptbXLecg:1->3,InceptionDANN,0.5454545455
mfd:0->1,Raincoat,0.4761376249
wisdm:27->3,CoTMix,0.6724137931
OnHWeq:OnHW_equations_L->OnHW_equations_R,InceptionDANN,0.6763642479
cwrBearing:0->1,InceptionMix,0.9257936508
wisdm:7->30,InceptionCDAN,0.48780487800000005
cwrBearing:0->3,InceptionDANN,0.8458837300000001
ptbXLecg:0->2,Raincoat,0.5903141361
sleepStage:7->18,InceptionRain,0.7455830389
cwrBearing:3->0,Inception,0.8913159297000001
ultrasoundMuscleContraction:subject1->subject8,Raincoat,0.6637500000000001
wisdm:3->5,InceptionMix,0.8043478261
sleepStage:7->18,CoTMix,0.7455830389
wisdm:7->30,InceptionDANN,0.7317073171
sportsActivities:p4->p5,Inception,0.6184210526
hhar:i->a,InceptionSASA,0.4262734584
miniTimeMatch:FR2->DK1,InceptionSASA,0.38686763690000003
har:6->23,InceptionMix,0.9642857143
wisdm:21->31,InceptionDANN,0.3802816901
sportsActivities:p5->p6,InceptionSASA,0.39473684210000004
ptbXLecg:0->2,InceptionCDAN,0.6845549738000001
hhar:a->b,Inception,0.6365824308
har:2->11,Raincoat,0.8315789474
ultrasoundMuscleContraction:subject3->subject5,CoTMix,0.7935
har:12->16,InceptionCDAN,0.8181818182
mfd:1->3,Raincoat,0.974472808
ptbXLecg:1->3,VRADA,0.5454545455
cwrBearing:2->0,Raincoat,0.915290357
sportsActivities:p7->p3,VRADA,0.4780701754
hhar:a->i,Inception,0.4886769964
sleepStage:12->5,OTDA,0.4340277778
cwrBearing:3->0,VRADA,0.08897176350000001
ptbXLecg:2->1,InceptionRain,0.6850053937
mfd:0->3,CoTMix,0.5860155383
sleepStage:7->18,InceptionCDAN,0.7862190813000001
miniTimeMatch:FR1->AT1,InceptionRain,0.9573804574
miniTimeMatch:FR2->DK1,InceptionDANN,0.8546431046
cwrBearing:2->0,VRADA,0.5498135322000001
wisdm:7->30,CoDATS,0.48780487800000005
mfd:0->3,Raincoat,0.5804661487
miniTimeMatch:AT1->FR2,InceptionCDAN,0.9279279279
sleepStage:16->1,InceptionCDAN,0.8064046579
mfd:1->2,Raincoat,0.9078801332
miniTimeMatch:FR2->FR1,Inception,0.8700623701
wisdm:1->5,Inception,0.4130434783
har:6->23,InceptionSASA,0.7053571429000001
ptbXLecg:0->2,InceptionSASA,0.5392670157
har:7->13,SASA,0.7676767677
mfd:0->1,CoTMix,0.6115427303000001
sleepStage:12->5,InceptionCDAN,0.8315972222
miniTimeMatch:FR2->DK1,VRADA,0.5038115038000001
wisdm:27->3,InceptionRain,0.7586206897000001
mfd:0->1,InceptionMix,0.7791342952
wisdm:3->5,Inception,0.4130434783
sportsActivities:p4->p2,CoDATS,0.8508771930000001
wisdm:7->30,InceptionSASA,0.2195121951
miniTimeMatch:AT1->FR2,InceptionDANN,0.9305266805
miniTimeMatch:FR1->FR2,InceptionDANN,0.9492376992
hhar:c->d,InceptionCDAN,0.6910569106000001
sportsActivities:p8->p1,Inception,0.6228070175
cwrBearing:3->0,OTDA,0.7325519446000001
har:12->16,InceptionRain,0.7727272727000001
OnHWeq:OnHW_equations_R->OnHW_equations_L,OTDA,0.4309978769
mfd:1->2,InceptionSASA,0.4938956715
sleepStage:16->1,InceptionSASA,0.5181950509000001
ptbXLecg:0->1,VRADA,0.6008629989000001
OnHWeq:OnHW_equations_L->OnHW_equations_R,CoTMix,0.4407634743
mfd:0->1,InceptionSASA,0.5072142064
hhar:g->h,InceptionMix,0.9168734491
sportsActivities:p5->p4,CoDATS,0.8859649123000001
wisdm:27->3,CoDATS,0.6896551724000001
ford:FordB->FordA,CoDATS,0.8924242424000001
cwrBearing:2->0,SASA,0.5881726159
ptbXLecg:0->1,Raincoat,0.6569579288
cwrBearing:1->3,InceptionSASA,0.7744830277
ford:FordA->FordB,VRADA,0.5
OnHWeq:OnHW_equations_L->OnHW_equations_R,InceptionRain,0.6767846632
ford:FordB->FordA,InceptionRain,0.9060606061
cwrBearing:1->3,OTDA,0.8248146703
sleepStage:9->14,VRADA,0.5247018739
mfd:0->1,InceptionCDAN,0.6703662597000001
har:23->6,Inception,0.612244898
miniTimeMatch:FR2->DK1,OTDA,0.4391891892
hhar:a->b,InceptionSASA,0.4199759326
sportsActivities:p7->p3,CoTMix,0.25
sleepStage:12->5,InceptionSASA,0.4288194444
OnHWeq:OnHW_equations_L->OnHW_equations_R,InceptionMix,0.5398133356
ford:FordA->FordB,OTDA,0.5617283951
ptbXLecg:2->1,Raincoat,0.6051779935
cwrBearing:0->3,InceptionRain,0.8396410456000001
OnHWeq:OnHW_equations_R->OnHW_equations_L,InceptionCDAN,0.4920382166
mfd:0->3,CoDATS,0.6859045505
mfd:0->3,OTDA,0.448390677
miniTimeMatch:AT1->FR2,InceptionMix,0.1401593902
ptbXLecg:0->2,SASA,0.5562827225
sleepStage:0->11,InceptionCDAN,0.8246628131
ultrasoundMuscleContraction:subject5->subject4,InceptionRain,0.5567500000000001
ptbXLecg:2->1,InceptionDANN,0.6925566343
wisdm:21->31,CoDATS,0.7605633803
hhar:a->b,InceptionRain,0.6028880866
sportsActivities:p7->p3,SASA,0.22807017540000002
ptbXLecg:2->1,CoDATS,0.6537216828
mfd:1->3,CoDATS,0.9889012209
hhar:h->g,Inception,0.6026894866
sleepStage:7->18,Raincoat,0.7738515901
wisdm:7->30,VRADA,0.48780487800000005
wisdm:5->1,InceptionDANN,0.7916666667000001
miniTimeMatch:FR2->DK1,Inception,0.6041233541000001
sportsActivities:p5->p6,Inception,0.6228070175
har:2->11,SASA,0.8210526316000001
ptbXLecg:0->2,OTDA,0.5143979058
ultrasoundMuscleContraction:subject3->subject5,Raincoat,0.67
hhar:i->a,InceptionRain,0.6648793566
cwrBearing:1->3,Raincoat,0.9219664456000001
hhar:g->h,SASA,0.4987593052
sportsActivities:p1->p8,InceptionRain,0.6315789474
cwrBearing:0->1,InceptionRain,0.8992063492000001
ptbXLecg:0->1,InceptionDANN,0.7001078749
sleepStage:0->11,Inception,0.5260115607
miniTimeMatch:DK1->FR1,InceptionCDAN,0.8296950797
ptbXLecg:0->2,InceptionRain,0.6295811518000001
hhar:i->a,InceptionDANN,0.7761394102
har:6->23,VRADA,0.6607142857
miniTimeMatch:DK1->FR1,InceptionMix,0.6131323631000001
mfd:0->3,Inception,0.4950055494
wisdm:7->30,InceptionRain,0.5121951220000001
hhar:c->d,VRADA,0.581300813
mfd:3->0,Inception,0.7480577137000001
ultrasoundMuscleContraction:subject3->subject5,OTDA,0.641
mfd:1->0,Inception,0.4794672586
OnHWeq:OnHW_equations_L->OnHW_equations_R,Inception,0.43740015130000004
ultrasoundMuscleContraction:subject5->subject4,CoTMix,0.5295
cwrBearing:1->3,CoDATS,0.8946547015
sleepStage:0->11,CoTMix,0.6493256262
har:9->18,VRADA,0.6090909091000001
sleepStage:5->12,Inception,0.6683087028
har:9->18,SASA,0.5363636364000001
ford:FordB->FordA,InceptionCDAN,0.9060606061
wisdm:27->3,SASA,0.41379310340000003
sportsActivities:p5->p4,InceptionMix,0.0526315789
cwrBearing:1->3,InceptionMix,0.8962153726000001
miniTimeMatch:DK1->FR1,InceptionDANN,0.7794525295
har:6->23,InceptionDANN,0.8928571429000001
miniTimeMatch:FR1->AT1,SASA,0.4388426888
miniTimeMatch:DK1->FR1,CoTMix,0.5285862786000001
har:7->13,InceptionCDAN,0.9090909091
har:7->13,InceptionDANN,0.898989899
wisdm:27->3,OTDA,0.3620689655
miniTimeMatch:FR1->AT1,VRADA,0.5398475398
har:9->18,InceptionDANN,0.7636363636
sportsActivities:p7->p3,Raincoat,0.7675438596
hhar:g->h,InceptionCDAN,0.7121588089
ford:FordA->FordB,Inception,0.8086419753
miniTimeMatch:AT1->FR2,CoTMix,0.4968814969
ptbXLecg:2->1,SASA,0.6008629989000001
cwrBearing:0->1,Raincoat,0.9031746032
ultrasoundMuscleContraction:subject3->subject5,InceptionMix,0.47750000000000004
wisdm:7->30,SASA,0.48780487800000005
cwrBearing:3->0,Inception,0.8913159297000001
sportsActivities:p1->p8,Inception,0.5263157895
har:2->11,InceptionMix,0.6421052632
har:2->11,CoDATS,1.0
hhar:i->a,CoDATS,0.7774798928000001
ultrasoundMuscleContraction:subject3->subject5,InceptionDANN,0.641
sportsActivities:p1->p8,OTDA,0.5307017544
cwrBearing:0->1,SASA,0.6130952381
ptbXLecg:1->3,InceptionCDAN,0.6883116883
sportsActivities:p7->p3,InceptionRain,0.7105263158
cwrBearing:1->3,CoTMix,0.8927038627
ultrasoundMuscleContraction:subject2->subject7,CoDATS,0.7827500000000001
har:2->11,OTDA,0.8736842105
sleepStage:16->1,OTDA,0.5342066958
ultrasoundMuscleContraction:subject1->subject8,VRADA,0.581
ptbXLecg:0->1,InceptionMix,0.6947141316000001
